Badge	Value
Days In Status	7.352941176470588235
Days In Status Last Week	10.72222222222222222
DLGs / Developer	2.666666666666666667
Development Complete	3
QA 1	7
QA 2	3
